day,week,month,year,weekend,season_canada,season_international,date_key
4,17,4,1900,f,Spring,Spring,0
2,1,1,1901,f,Winter,Winter,1
3,1,1,1902,f,Winter,Winter,2
6,9,3,1902,t,Spring,Spring,3
4,21,5,1902,f,Spring,Spring,4
4,1,1,1903,f,Winter,Winter,5
3,18,4,1903,f,Spring,Spring,6
5,53,1,1904,f,Winter,Winter,7
2,36,9,1992,f,Autumn,Autumn,8
1,29,7,1995,f,Summer,Summer,9
6,9,2,1903,t,Winter,Winter,10
2,16,4,1904,f,Spring,Spring,11
7,16,4,1904,t,Spring,Spring,12
3,7,2,1905,f,Winter,Winter,13
7,32,8,1905,t,Summer,Summer,14
1,1,1,1906,f,Winter,Winter,15
4,35,8,1907,f,Summer,Summer,16
7,17,4,1908,t,Spring,Spring,17
6,31,8,1908,t,Summer,Summer,18
1,1,1,1909,f,Winter,Winter,19
7,47,11,1909,t,Autumn,Autumn,20
6,52,1,1910,t,Winter,Winter,21
5,3,1,1910,f,Winter,Winter,22
6,9,3,1910,t,Spring,Spring,23
5,15,4,1910,f,Spring,Spring,24
1,16,4,1910,f,Spring,Spring,25
2,28,7,1911,f,Summer,Summer,26
7,26,6,1912,t,Winter,Winter,27
1,28,7,1912,f,Summer,Summer,28
5,45,11,1913,f,Autumn,Autumn,29
4,1,1,1914,f,Winter,Winter,30
3,14,4,1914,f,Spring,Spring,31
4,22,5,1914,f,Spring,Spring,32
5,25,6,1914,f,Winter,Winter,33
5,53,1,1915,f,Winter,Winter,34
1,5,2,1915,f,Winter,Winter,35
1,12,3,1915,f,Spring,Spring,36
4,27,7,1915,f,Summer,Summer,37
4,5,2,1916,f,Winter,Winter,38
1,17,4,1916,f,Spring,Spring,39
6,30,7,1916,t,Summer,Summer,40
1,37,9,1916,f,Autumn,Autumn,41
1,1,1,1917,f,Winter,Winter,42
3,30,7,1917,f,Summer,Summer,43
7,43,10,1917,t,Autumn,Autumn,44
4,49,12,1917,f,Winter,Winter,45
2,1,1,1918,f,Winter,Winter,46
3,4,1,1918,f,Winter,Winter,47
6,41,10,1918,t,Autumn,Autumn,48
3,43,10,1918,f,Autumn,Autumn,49
3,1,1,1919,f,Winter,Winter,50
4,1,1,1920,f,Winter,Winter,51
3,12,3,1920,f,Spring,Spring,52
4,30,7,1920,f,Summer,Summer,53
2,14,4,1986,f,Spring,Spring,54
4,22,5,1986,f,Spring,Spring,55
5,22,5,1986,f,Spring,Spring,56
1,23,6,1986,f,Winter,Winter,57
3,20,5,1986,f,Spring,Spring,58
4,20,5,1986,f,Spring,Spring,59
6,14,4,1987,t,Spring,Spring,60
3,29,7,1986,f,Summer,Summer,61
7,43,10,1986,t,Autumn,Autumn,62
5,45,11,1986,f,Autumn,Autumn,63
5,22,5,1987,f,Spring,Spring,64
1,28,7,1987,f,Summer,Summer,65
2,29,7,1987,f,Summer,Summer,66
4,40,10,1987,f,Autumn,Autumn,67
5,53,1,1988,f,Winter,Winter,68
5,31,7,1987,f,Summer,Summer,69
1,10,3,1988,f,Spring,Spring,70
5,13,4,1988,f,Spring,Spring,71
7,18,5,1988,t,Spring,Spring,72
2,19,5,1988,f,Spring,Spring,73
2,21,5,1988,f,Spring,Spring,74
6,22,6,1988,t,Winter,Winter,75
1,25,6,1988,f,Winter,Winter,76
2,26,6,1988,f,Winter,Winter,77
3,26,6,1988,f,Winter,Winter,78
2,27,7,1988,f,Summer,Summer,79
6,50,12,1988,t,Winter,Winter,80
2,33,8,1988,f,Summer,Summer,81
5,47,11,1988,f,Autumn,Autumn,82
2,34,8,1988,f,Summer,Summer,83
7,52,1,1989,t,Winter,Winter,84
1,5,1,1989,f,Winter,Winter,85
5,10,3,1989,f,Spring,Spring,86
6,26,7,1989,t,Summer,Summer,87
1,18,5,1989,f,Spring,Spring,88
4,19,5,1989,f,Spring,Spring,89
6,29,7,1989,t,Summer,Summer,90
7,36,9,1989,t,Autumn,Autumn,91
2,37,9,1989,f,Autumn,Autumn,92
5,39,9,1989,f,Autumn,Autumn,93
1,40,10,1989,f,Autumn,Autumn,94
3,45,11,1989,f,Autumn,Autumn,95
4,49,12,1989,f,Winter,Winter,96
2,50,12,1989,f,Winter,Winter,97
1,52,12,1989,f,Winter,Winter,98
7,49,12,1990,t,Winter,Winter,99
1,1,1,1990,f,Winter,Winter,100
1,28,7,1990,f,Summer,Summer,101
5,29,7,1990,f,Summer,Summer,102
1,30,7,1990,f,Summer,Summer,103
5,21,5,2010,f,Spring,Spring,104
1,51,12,1989,f,Winter,Winter,105
7,6,2,1990,t,Winter,Winter,106
1,7,2,1990,f,Winter,Winter,107
5,8,2,1990,f,Winter,Winter,108
1,12,3,1990,f,Spring,Spring,109
1,17,4,1990,f,Spring,Spring,110
3,13,3,1991,f,Spring,Spring,111
3,20,5,1990,f,Spring,Spring,112
5,21,5,1990,f,Spring,Spring,113
3,31,8,1990,f,Summer,Summer,114
3,35,8,1990,f,Summer,Summer,115
2,24,6,1990,f,Winter,Winter,116
3,28,7,1990,f,Summer,Summer,117
4,45,11,1990,f,Autumn,Autumn,118
7,50,12,1990,t,Winter,Winter,119
4,24,6,2010,f,Winter,Winter,120
2,1,1,1991,f,Winter,Winter,121
5,2,1,1991,f,Winter,Winter,122
2,11,3,1991,f,Spring,Spring,123
1,14,4,1991,f,Spring,Spring,124
7,14,4,1991,t,Spring,Spring,125
3,18,5,1991,f,Spring,Spring,126
3,19,5,1991,f,Spring,Spring,127
6,26,6,1991,t,Winter,Winter,128
3,27,7,1991,f,Summer,Summer,129
2,28,7,1991,f,Summer,Summer,130
4,28,7,1991,f,Summer,Summer,131
1,30,7,1991,f,Summer,Summer,132
1,32,8,1991,f,Summer,Summer,133
1,34,8,1991,f,Summer,Summer,134
2,35,8,1991,f,Summer,Summer,135
4,35,8,1991,f,Summer,Summer,136
6,36,9,1991,t,Autumn,Autumn,137
4,39,9,1991,f,Autumn,Autumn,138
2,40,10,1991,f,Autumn,Autumn,139
2,41,10,1991,f,Autumn,Autumn,140
3,42,10,1991,f,Autumn,Autumn,141
5,43,10,1991,f,Autumn,Autumn,142
3,47,11,1991,f,Autumn,Autumn,143
6,48,11,1991,t,Autumn,Autumn,144
5,49,12,1991,f,Winter,Winter,145
3,1,1,1992,f,Winter,Winter,146
2,4,1,1992,f,Winter,Winter,147
6,5,2,1992,t,Winter,Winter,148
7,7,2,1992,t,Winter,Winter,149
5,35,8,1992,f,Summer,Summer,150
5,5,1,1992,f,Winter,Winter,151
5,9,2,1992,f,Winter,Winter,152
4,11,3,1992,f,Spring,Spring,153
5,11,3,1992,f,Spring,Spring,154
4,12,3,1992,f,Spring,Spring,155
4,13,3,1992,f,Spring,Spring,156
6,17,4,1992,t,Spring,Spring,157
6,19,5,1992,t,Spring,Spring,158
1,21,5,1992,f,Spring,Spring,159
1,22,5,1992,f,Spring,Spring,160
5,31,7,1992,f,Summer,Summer,161
5,51,12,1992,f,Winter,Winter,162
3,25,6,1992,f,Winter,Winter,163
5,38,9,1992,f,Autumn,Autumn,164
2,41,10,1992,f,Autumn,Autumn,165
1,52,12,1992,f,Winter,Winter,166
5,53,1,1993,f,Winter,Winter,167
1,11,3,1993,f,Spring,Spring,168
1,15,4,1993,f,Spring,Spring,169
2,17,4,1993,f,Spring,Spring,170
4,30,7,1993,f,Summer,Summer,171
7,26,7,1993,t,Summer,Summer,172
3,28,7,1993,f,Summer,Summer,173
7,29,7,1993,t,Summer,Summer,174
7,41,10,1993,t,Autumn,Autumn,175
1,44,11,1993,f,Autumn,Autumn,176
5,47,11,1993,f,Autumn,Autumn,177
7,3,1,1994,t,Winter,Winter,178
3,1,1,1994,f,Winter,Winter,179
7,2,1,1994,t,Winter,Winter,180
5,4,1,1994,f,Winter,Winter,181
6,15,4,1994,t,Spring,Spring,182
3,20,5,1994,f,Spring,Spring,183
7,20,5,1994,t,Spring,Spring,184
6,24,6,1994,t,Winter,Winter,185
7,29,7,1994,t,Summer,Summer,186
7,52,1,1995,t,Winter,Winter,187
2,27,7,1995,f,Summer,Summer,188
3,21,5,1994,f,Spring,Spring,189
1,31,8,1994,f,Summer,Summer,190
4,31,8,1994,f,Summer,Summer,191
6,34,8,1994,t,Summer,Summer,192
7,34,8,1994,t,Summer,Summer,193
1,42,10,1994,f,Autumn,Autumn,194
5,42,10,1994,f,Autumn,Autumn,195
4,49,12,1994,f,Winter,Winter,196
6,3,1,1995,t,Winter,Winter,197
5,10,3,1995,f,Spring,Spring,198
1,22,5,1995,f,Spring,Spring,199
6,13,4,1995,t,Spring,Spring,200
1,23,6,1995,f,Winter,Winter,201
2,23,6,1995,f,Winter,Winter,202
1,28,7,1995,f,Summer,Summer,203
4,28,7,1995,f,Summer,Summer,204
7,30,7,1995,t,Summer,Summer,205
5,32,8,1995,f,Summer,Summer,206
1,37,9,1995,f,Autumn,Autumn,207
2,39,9,1995,f,Autumn,Autumn,208
4,40,10,1995,f,Autumn,Autumn,209
4,46,11,1995,f,Autumn,Autumn,210
7,49,12,1995,t,Winter,Winter,211
1,48,11,1995,f,Autumn,Autumn,212
1,1,1,1996,f,Winter,Winter,213
6,7,2,1996,t,Winter,Winter,214
6,16,4,1996,t,Spring,Spring,215
5,20,5,1996,f,Spring,Spring,216
5,27,7,1996,f,Summer,Summer,217
2,29,7,1996,f,Summer,Summer,218
4,16,4,1996,f,Spring,Spring,219
1,25,6,1996,f,Winter,Winter,220
3,30,7,1996,f,Summer,Summer,221
4,32,8,1996,f,Summer,Summer,222
5,48,11,1996,f,Autumn,Autumn,223
7,52,12,1996,t,Winter,Winter,224
3,1,1,1997,f,Winter,Winter,225
4,2,1,1997,f,Winter,Winter,226
2,12,3,1997,f,Spring,Spring,227
7,13,3,1997,t,Spring,Spring,228
7,43,10,2006,t,Autumn,Autumn,229
6,16,4,1997,t,Spring,Spring,230
2,17,4,1997,f,Spring,Spring,231
4,18,5,1997,f,Spring,Spring,232
4,22,5,1997,f,Spring,Spring,233
2,24,6,1997,f,Winter,Winter,234
7,19,5,2007,t,Spring,Spring,235
4,24,6,1997,f,Winter,Winter,236
2,25,6,1997,f,Winter,Winter,237
4,28,7,1997,f,Summer,Summer,238
5,28,7,1997,f,Summer,Summer,239
1,42,10,1997,f,Autumn,Autumn,240
4,1,1,1998,f,Winter,Winter,241
7,1,1,1998,t,Winter,Winter,242
5,3,1,1998,f,Winter,Winter,243
1,11,3,1998,f,Spring,Spring,244
5,53,1,1999,f,Winter,Winter,245
7,53,1,1999,t,Winter,Winter,246
4,31,7,2008,f,Summer,Summer,247
6,13,3,1998,t,Spring,Spring,248
2,19,5,1998,f,Spring,Spring,249
4,25,6,1998,f,Winter,Winter,250
6,27,7,1998,t,Summer,Summer,251
5,28,7,1998,f,Summer,Summer,252
3,30,7,1998,f,Summer,Summer,253
6,31,8,1998,t,Summer,Summer,254
1,33,8,1998,f,Summer,Summer,255
4,52,12,1998,f,Winter,Winter,256
3,36,9,1998,f,Autumn,Autumn,257
1,48,11,1998,f,Autumn,Autumn,258
6,6,2,1999,t,Winter,Winter,259
7,7,2,1999,t,Winter,Winter,260
3,2,1,1999,f,Winter,Winter,261
1,4,1,1999,f,Winter,Winter,262
5,4,1,1999,f,Winter,Winter,263
4,6,2,1999,f,Winter,Winter,264
1,9,3,1999,f,Spring,Spring,265
5,9,3,1999,f,Spring,Spring,266
4,13,4,1999,f,Spring,Spring,267
5,16,4,1999,f,Spring,Spring,268
2,18,5,1999,f,Spring,Spring,269
6,23,6,1999,t,Winter,Winter,270
3,24,6,1999,f,Winter,Winter,271
5,24,6,1999,f,Winter,Winter,272
1,25,6,1999,f,Winter,Winter,273
1,26,6,1999,f,Winter,Winter,274
7,26,7,1999,t,Summer,Summer,275
2,27,7,1999,f,Summer,Summer,276
5,28,7,1999,f,Summer,Summer,277
1,32,8,1999,f,Summer,Summer,278
5,35,9,1999,f,Autumn,Autumn,279
2,36,9,1999,f,Autumn,Autumn,280
4,38,9,1999,f,Autumn,Autumn,281
5,38,9,1999,f,Autumn,Autumn,282
5,39,10,1999,f,Autumn,Autumn,283
2,49,12,1999,f,Winter,Winter,284
4,52,12,1999,f,Winter,Winter,285
1,3,1,2000,f,Winter,Winter,286
4,15,4,2000,f,Spring,Spring,287
4,16,4,2000,f,Spring,Spring,288
5,28,7,2000,f,Summer,Summer,289
2,31,8,2000,f,Summer,Summer,290
5,20,5,2000,f,Spring,Spring,291
1,27,7,2000,f,Summer,Summer,292
5,27,7,2000,f,Summer,Summer,293
7,43,10,2000,t,Autumn,Autumn,294
4,44,11,2000,f,Autumn,Autumn,295
1,48,11,2000,f,Autumn,Autumn,296
6,6,2,2001,t,Winter,Winter,297
7,13,4,2001,t,Spring,Spring,298
5,22,6,2001,f,Winter,Winter,299
2,31,7,2001,f,Summer,Summer,300
7,26,7,2001,t,Summer,Summer,301
2,37,9,2001,f,Autumn,Autumn,302
3,38,9,2001,f,Autumn,Autumn,303
7,15,4,2002,t,Spring,Spring,304
1,21,5,2002,f,Spring,Spring,305
2,20,5,2002,f,Spring,Spring,306
5,20,5,2002,f,Spring,Spring,307
4,22,5,2002,f,Spring,Spring,308
3,18,5,2002,f,Spring,Spring,309
7,23,6,2002,t,Winter,Winter,310
2,24,6,2002,f,Winter,Winter,311
5,25,6,2002,f,Winter,Winter,312
7,25,6,2002,t,Winter,Winter,313
1,26,6,2002,f,Winter,Winter,314
5,26,6,2002,f,Winter,Winter,315
2,27,7,2002,f,Summer,Summer,316
3,27,7,2002,f,Summer,Summer,317
2,31,7,2002,f,Summer,Summer,318
1,27,7,2002,f,Summer,Summer,319
1,33,8,2002,f,Summer,Summer,320
6,46,11,2002,t,Autumn,Autumn,321
2,4,1,2003,f,Winter,Winter,322
5,8,2,2003,f,Winter,Winter,323
6,7,2,2003,t,Winter,Winter,324
1,14,3,2003,f,Spring,Spring,325
2,14,4,2003,f,Spring,Spring,326
1,21,5,2003,f,Spring,Spring,327
2,27,7,2003,f,Summer,Summer,328
1,30,7,2003,f,Summer,Summer,329
1,32,8,2003,f,Summer,Summer,330
4,33,8,2003,f,Summer,Summer,331
1,40,9,2003,f,Autumn,Autumn,332
4,42,10,2003,f,Autumn,Autumn,333
3,8,2,2004,f,Winter,Winter,334
3,13,3,2004,f,Spring,Spring,335
3,21,5,2004,f,Spring,Spring,336
4,28,7,2004,f,Summer,Summer,337
5,27,7,2004,f,Summer,Summer,338
3,30,7,2004,f,Summer,Summer,339
2,33,8,2004,f,Summer,Summer,340
5,33,8,2004,f,Summer,Summer,341
7,52,12,2004,t,Winter,Winter,342
1,53,12,2004,f,Winter,Winter,343
1,3,1,2005,f,Winter,Winter,344
3,13,3,2005,f,Spring,Spring,345
6,16,4,2005,t,Spring,Spring,346
6,14,4,2005,t,Spring,Spring,347
3,19,5,2005,f,Spring,Spring,348
3,21,5,2005,f,Spring,Spring,349
7,21,5,2005,t,Spring,Spring,350
4,22,6,2005,f,Winter,Winter,351
1,23,6,2005,f,Winter,Winter,352
4,25,6,2005,f,Winter,Winter,353
7,34,8,2005,t,Summer,Summer,354
3,35,8,2005,f,Summer,Summer,355
2,39,9,2005,f,Autumn,Autumn,356
3,39,9,2005,f,Autumn,Autumn,357
6,38,9,2005,t,Autumn,Autumn,358
3,43,10,2005,f,Autumn,Autumn,359
2,50,12,2005,f,Winter,Winter,360
6,5,2,2006,t,Winter,Winter,361
4,15,4,2006,f,Spring,Spring,362
7,16,4,2006,t,Spring,Spring,363
6,20,5,2006,t,Spring,Spring,364
5,24,6,2006,f,Winter,Winter,365
6,21,5,2006,t,Spring,Spring,366
1,27,7,2006,f,Summer,Summer,367
2,27,7,2006,f,Summer,Summer,368
4,27,7,2006,f,Summer,Summer,369
1,30,7,2006,f,Summer,Summer,370
2,33,8,2006,f,Summer,Summer,371
6,33,8,2006,t,Summer,Summer,372
6,43,10,2006,t,Autumn,Autumn,373
5,48,12,2006,f,Winter,Winter,374
3,51,12,2006,f,Winter,Winter,375
1,50,12,2006,f,Winter,Winter,376
1,11,3,2007,f,Spring,Spring,377
2,14,4,2007,f,Spring,Spring,378
4,16,4,2007,f,Spring,Spring,379
1,17,4,2007,f,Spring,Spring,380
6,17,4,2007,t,Spring,Spring,381
4,19,5,2007,f,Spring,Spring,382
5,21,5,2007,f,Spring,Spring,383
7,21,5,2007,t,Spring,Spring,384
7,22,6,2007,t,Winter,Winter,385
2,23,6,2007,f,Winter,Winter,386
6,24,6,2007,t,Winter,Winter,387
4,27,7,2007,f,Summer,Summer,388
6,29,7,2007,t,Summer,Summer,389
5,25,6,2007,f,Winter,Winter,390
4,29,7,2007,f,Summer,Summer,391
3,31,8,2007,f,Summer,Summer,392
6,31,8,2007,t,Summer,Summer,393
3,32,8,2007,f,Summer,Summer,394
1,46,11,2007,f,Autumn,Autumn,395
1,51,12,2007,f,Winter,Winter,396
1,50,12,2007,f,Winter,Winter,397
1,5,1,2008,f,Winter,Winter,398
4,7,2,2008,f,Winter,Winter,399
1,8,2,2008,f,Winter,Winter,400
5,12,3,2008,f,Spring,Spring,401
1,16,4,2008,f,Spring,Spring,402
4,16,4,2008,f,Spring,Spring,403
5,17,4,2008,f,Spring,Spring,404
1,18,4,2008,f,Spring,Spring,405
5,22,5,2008,f,Spring,Spring,406
5,19,5,2008,f,Spring,Spring,407
5,20,5,2008,f,Spring,Spring,408
2,24,6,2008,f,Winter,Winter,409
3,22,5,2008,f,Spring,Spring,410
6,21,5,2008,t,Spring,Spring,411
6,22,5,2008,t,Spring,Spring,412
5,24,6,2008,f,Winter,Winter,413
7,26,6,2008,t,Winter,Winter,414
1,27,6,2008,f,Winter,Winter,415
5,28,7,2008,f,Summer,Summer,416
2,27,7,2008,f,Summer,Summer,417
7,29,7,2008,t,Summer,Summer,418
7,15,4,2007,t,Spring,Spring,419
2,30,7,2008,f,Summer,Summer,420
7,32,8,2008,t,Summer,Summer,421
5,33,8,2008,f,Summer,Summer,422
7,36,9,2008,t,Autumn,Autumn,423
1,38,9,2008,f,Autumn,Autumn,424
2,17,4,1979,f,Spring,Spring,425
2,23,6,1999,f,Winter,Winter,426
4,22,6,1995,f,Winter,Winter,427
1,16,4,2006,f,Spring,Spring,428
6,44,11,2007,t,Autumn,Autumn,429
7,23,6,2008,t,Winter,Winter,430
6,36,9,2008,t,Autumn,Autumn,431
1,19,5,2008,f,Spring,Spring,432
5,35,8,2008,f,Summer,Summer,433
3,31,7,2008,f,Summer,Summer,434
2,2,1,2009,f,Winter,Winter,435
5,48,11,2003,f,Autumn,Autumn,436
4,11,3,2003,f,Spring,Spring,437
5,31,8,2008,f,Summer,Summer,438
5,3,1,2000,f,Winter,Winter,439
3,14,4,2009,f,Spring,Spring,440
3,15,4,2010,f,Spring,Spring,441
5,18,5,2009,f,Spring,Spring,442
7,20,5,2010,t,Spring,Spring,443
6,17,4,2009,t,Spring,Spring,444
4,38,9,1993,f,Autumn,Autumn,445
1,39,9,2005,f,Autumn,Autumn,446
4,34,8,2009,f,Summer,Summer,447
6,31,8,2009,t,Summer,Summer,448
7,26,6,2009,t,Winter,Winter,449
7,30,7,2009,t,Summer,Summer,450
4,20,5,2009,f,Spring,Spring,451
7,14,4,2009,t,Spring,Spring,452
3,25,6,2010,f,Winter,Winter,453
2,32,8,2009,f,Summer,Summer,454
5,33,8,2009,f,Summer,Summer,455
7,34,8,2009,t,Summer,Summer,456
7,43,10,2009,t,Autumn,Autumn,457
7,44,11,2007,t,Autumn,Autumn,458
2,49,12,2007,f,Winter,Winter,459
7,39,9,2008,t,Autumn,Autumn,460
6,33,8,2010,t,Summer,Summer,461
6,29,7,2009,t,Summer,Summer,462
4,44,11,2010,f,Autumn,Autumn,463
3,21,5,2008,f,Spring,Spring,464
6,53,1,2010,t,Winter,Winter,465
2,26,6,2010,f,Winter,Winter,466
7,49,12,2010,t,Winter,Winter,467
1,50,12,2010,f,Winter,Winter,468
7,22,6,2010,t,Winter,Winter,469
4,29,7,2010,f,Summer,Summer,470
2,38,9,2010,f,Autumn,Autumn,471
3,30,7,2010,f,Summer,Summer,472
2,2,1,2010,f,Winter,Winter,473
6,53,1,1921,t,Winter,Winter,474
1,29,7,1974,f,Summer,Summer,475
7,43,10,1978,t,Autumn,Autumn,476
3,2,1,2008,f,Winter,Winter,477
3,44,11,1978,f,Autumn,Autumn,478
5,20,5,1986,f,Spring,Spring,479
2,6,2,1921,f,Winter,Winter,480
7,28,7,1986,t,Summer,Summer,481
6,13,3,1987,t,Spring,Spring,482
3,19,5,2010,f,Spring,Spring,483
5,43,10,1921,f,Autumn,Autumn,484
4,14,4,1987,f,Spring,Spring,485
3,29,7,1989,f,Summer,Summer,486
7,52,1,1922,t,Winter,Winter,487
3,34,8,1989,f,Summer,Summer,488
2,14,4,2010,f,Spring,Spring,489
4,21,5,2010,f,Spring,Spring,490
6,24,6,1922,t,Winter,Winter,491
5,29,7,1996,f,Summer,Summer,492
5,45,11,1996,f,Autumn,Autumn,493
7,48,12,2010,t,Winter,Winter,494
4,25,6,1922,f,Winter,Winter,495
4,17,4,1999,f,Spring,Spring,496
6,29,7,2005,t,Summer,Summer,497
6,39,9,1922,t,Autumn,Autumn,498
2,13,3,2009,f,Spring,Spring,499
7,9,3,2009,t,Spring,Spring,500
1,1,1,1923,f,Winter,Winter,501
7,17,4,1923,t,Spring,Spring,502
3,44,10,1924,f,Autumn,Autumn,503
2,1,1,1924,f,Winter,Winter,504
4,19,5,1925,f,Spring,Spring,505
7,52,1,1939,t,Winter,Winter,506
2,9,3,1927,f,Spring,Spring,507
7,1,1,1927,t,Winter,Winter,508
3,34,8,1927,f,Summer,Summer,509
7,52,1,1928,t,Winter,Winter,510
7,13,4,1928,t,Spring,Spring,511
2,1,1,1929,f,Winter,Winter,512
5,3,1,1929,f,Winter,Winter,513
5,14,4,1929,f,Spring,Spring,514
1,47,11,1929,f,Autumn,Autumn,515
3,1,1,1930,f,Winter,Winter,516
4,26,6,1930,f,Winter,Winter,517
5,26,6,1930,f,Winter,Winter,518
2,37,9,1931,f,Autumn,Autumn,519
4,1,1,1931,f,Winter,Winter,520
4,18,5,1933,f,Spring,Spring,521
3,43,10,1933,f,Autumn,Autumn,522
1,47,11,1933,f,Autumn,Autumn,523
5,48,12,1933,f,Winter,Winter,524
1,16,4,1934,f,Spring,Spring,525
6,22,6,1935,t,Winter,Winter,526
4,2,1,1935,f,Winter,Winter,527
2,1,1,1935,f,Winter,Winter,528
7,34,8,1935,t,Summer,Summer,529
2,11,3,1936,f,Spring,Spring,530
7,15,4,1936,t,Spring,Spring,531
1,29,7,1936,f,Summer,Summer,532
7,27,7,1936,t,Summer,Summer,533
1,12,3,1936,f,Spring,Spring,534
6,33,8,1936,t,Summer,Summer,535
2,36,9,1936,f,Autumn,Autumn,536
3,2,1,1937,f,Winter,Winter,537
1,17,4,1937,f,Spring,Spring,538
4,35,9,1938,f,Autumn,Autumn,539
1,41,10,1938,f,Autumn,Autumn,540
2,49,12,1938,f,Winter,Winter,541
4,5,2,1939,f,Winter,Winter,542
1,1,1,1940,f,Winter,Winter,543
5,11,3,1941,f,Spring,Spring,544
3,20,5,1941,f,Spring,Spring,545
6,31,8,1941,t,Summer,Summer,546
4,39,9,1941,f,Autumn,Autumn,547
4,1,1,1942,f,Winter,Winter,548
2,39,9,1942,f,Autumn,Autumn,549
6,50,12,1942,t,Winter,Winter,550
7,52,12,1942,t,Winter,Winter,551
5,36,9,1943,f,Autumn,Autumn,552
2,42,10,1943,f,Autumn,Autumn,553
6,52,1,1944,t,Winter,Winter,554
1,50,12,1944,f,Winter,Winter,555
3,29,7,1945,f,Summer,Summer,556
1,25,6,1946,f,Winter,Winter,557
1,31,7,1946,f,Summer,Summer,558
7,37,9,1946,t,Autumn,Autumn,559
4,5,1,1947,f,Winter,Winter,560
3,6,2,1947,f,Winter,Winter,561
6,14,4,1947,t,Spring,Spring,562
3,18,4,1947,f,Spring,Spring,563
1,36,9,1947,f,Autumn,Autumn,564
2,12,3,1948,f,Spring,Spring,565
3,17,4,1948,f,Spring,Spring,566
3,44,11,1950,f,Autumn,Autumn,567
6,18,5,1948,t,Spring,Spring,568
1,23,5,1948,f,Spring,Spring,569
2,38,9,1948,f,Autumn,Autumn,570
1,34,8,1949,f,Summer,Summer,571
5,36,9,1949,f,Autumn,Autumn,572
6,37,9,1949,t,Autumn,Autumn,573
7,52,1,1950,t,Winter,Winter,574
5,12,3,1950,f,Spring,Spring,575
2,14,4,1950,f,Spring,Spring,576
4,16,4,1950,f,Spring,Spring,577
5,18,5,1950,f,Spring,Spring,578
2,31,8,1950,f,Summer,Summer,579
2,47,11,1950,f,Autumn,Autumn,580
1,1,1,1951,f,Winter,Winter,581
5,6,2,1951,f,Winter,Winter,582
3,51,12,1951,f,Winter,Winter,583
1,3,1,1952,f,Winter,Winter,584
2,14,4,1952,f,Spring,Spring,585
4,1,1,1953,f,Winter,Winter,586
4,21,5,1953,f,Spring,Spring,587
2,29,7,1953,f,Summer,Summer,588
1,35,8,1953,f,Summer,Summer,589
6,4,1,1954,t,Winter,Winter,590
1,7,2,1954,f,Winter,Winter,591
3,14,4,1954,f,Spring,Spring,592
6,36,9,1954,t,Autumn,Autumn,593
6,52,1,1955,t,Winter,Winter,594
5,26,7,1955,f,Summer,Summer,595
1,28,7,1955,f,Summer,Summer,596
6,45,11,1955,t,Autumn,Autumn,597
4,41,10,1954,f,Autumn,Autumn,598
2,1,1,1956,f,Winter,Winter,599
4,35,8,1956,f,Summer,Summer,600
4,44,11,1956,f,Autumn,Autumn,601
7,49,12,1956,t,Winter,Winter,602
2,42,10,1957,f,Autumn,Autumn,603
2,1,1,1957,f,Winter,Winter,604
5,10,3,1957,f,Spring,Spring,605
7,32,8,1957,t,Summer,Summer,606
5,47,11,1957,f,Autumn,Autumn,607
3,1,1,1958,f,Winter,Winter,608
6,9,3,1958,t,Spring,Spring,609
5,45,11,1958,f,Autumn,Autumn,610
4,1,1,1959,f,Winter,Winter,611
2,25,6,1958,f,Winter,Winter,612
4,43,10,1958,f,Autumn,Autumn,613
1,8,2,1959,f,Winter,Winter,614
5,13,3,1959,f,Spring,Spring,615
6,25,6,1959,t,Winter,Winter,616
5,53,1,1960,f,Winter,Winter,617
2,22,5,1961,f,Spring,Spring,618
4,35,8,1961,f,Summer,Summer,619
4,5,2,1960,f,Winter,Winter,620
1,16,4,1960,f,Spring,Spring,621
1,19,5,1960,f,Spring,Spring,622
6,26,7,1960,t,Summer,Summer,623
3,36,9,1960,f,Autumn,Autumn,624
6,8,2,1961,t,Winter,Winter,625
7,52,1,1961,t,Winter,Winter,626
4,21,5,1961,f,Spring,Spring,627
2,50,12,1962,f,Winter,Winter,628
2,41,10,1961,f,Autumn,Autumn,629
1,1,1,1962,f,Winter,Winter,630
7,40,10,1962,t,Autumn,Autumn,631
6,13,3,1962,t,Spring,Spring,632
2,1,1,1963,f,Winter,Winter,633
1,23,6,1963,f,Winter,Winter,634
5,30,7,1963,f,Summer,Summer,635
5,41,10,1962,f,Autumn,Autumn,636
5,18,5,1963,f,Spring,Spring,637
5,48,11,1963,f,Autumn,Autumn,638
3,50,12,1963,f,Winter,Winter,639
7,37,9,1964,t,Autumn,Autumn,640
3,1,1,1964,f,Winter,Winter,641
3,38,9,1964,f,Autumn,Autumn,642
2,49,12,1964,f,Winter,Winter,643
6,13,3,1964,t,Spring,Spring,644
2,51,12,1964,f,Winter,Winter,645
5,53,1,1965,f,Winter,Winter,646
6,53,1,1965,t,Winter,Winter,647
6,1,1,1965,t,Winter,Winter,648
4,2,1,1965,f,Winter,Winter,649
4,7,2,1965,f,Winter,Winter,650
1,9,3,1965,f,Spring,Spring,651
4,27,7,1965,f,Summer,Summer,652
6,52,1,1966,t,Winter,Winter,653
5,9,3,1966,f,Spring,Spring,654
4,15,4,1966,f,Spring,Spring,655
4,44,11,1966,f,Autumn,Autumn,656
7,52,1,1967,t,Winter,Winter,657
1,16,4,1967,f,Spring,Spring,658
3,41,10,1967,f,Autumn,Autumn,659
1,1,1,1968,f,Winter,Winter,660
3,23,6,1968,f,Winter,Winter,661
1,34,8,1968,f,Summer,Summer,662
6,2,1,1968,t,Winter,Winter,663
5,5,2,1968,f,Winter,Winter,664
1,43,10,1968,f,Autumn,Autumn,665
3,1,1,1969,f,Winter,Winter,666
7,5,2,1969,t,Winter,Winter,667
7,6,2,1969,t,Winter,Winter,668
5,18,5,1969,f,Spring,Spring,669
7,19,5,1969,t,Spring,Spring,670
1,21,5,1969,f,Spring,Spring,671
1,32,8,1969,f,Summer,Summer,672
2,49,12,1969,f,Winter,Winter,673
7,52,12,1969,t,Winter,Winter,674
1,6,2,1970,f,Winter,Winter,675
5,9,2,1970,f,Winter,Winter,676
3,17,4,1970,f,Spring,Spring,677
4,18,4,1970,f,Spring,Spring,678
6,26,6,1970,t,Winter,Winter,679
7,27,7,1970,t,Summer,Summer,680
4,34,8,1970,f,Summer,Summer,681
1,41,10,1970,f,Autumn,Autumn,682
5,53,1,1971,f,Winter,Winter,683
6,6,2,1971,t,Winter,Winter,684
4,9,3,1971,f,Spring,Spring,685
4,13,4,1971,f,Spring,Spring,686
6,17,5,1971,t,Spring,Spring,687
2,18,5,1971,f,Spring,Spring,688
5,19,5,1971,f,Spring,Spring,689
5,29,7,1971,f,Summer,Summer,690
7,32,8,1971,t,Summer,Summer,691
6,52,1,1972,t,Winter,Winter,692
5,34,8,1971,f,Summer,Summer,693
6,7,2,1972,t,Winter,Winter,694
6,13,4,1972,t,Spring,Spring,695
1,1,1,1973,f,Winter,Winter,696
4,9,3,1973,f,Spring,Spring,697
1,18,5,1972,f,Spring,Spring,698
1,20,5,1972,f,Spring,Spring,699
7,23,6,1972,t,Winter,Winter,700
5,35,9,1972,f,Autumn,Autumn,701
7,11,3,1973,t,Spring,Spring,702
3,31,8,1973,f,Summer,Summer,703
1,35,8,1973,f,Summer,Summer,704
5,17,4,1973,f,Spring,Spring,705
7,24,6,1973,t,Winter,Winter,706
2,1,1,1974,f,Winter,Winter,707
3,20,5,1974,f,Spring,Spring,708
5,9,3,1974,f,Spring,Spring,709
1,14,4,1974,f,Spring,Spring,710
3,14,4,1974,f,Spring,Spring,711
1,18,4,1974,f,Spring,Spring,712
4,18,5,1974,f,Spring,Spring,713
5,20,5,1974,f,Spring,Spring,714
3,27,7,1974,f,Summer,Summer,715
3,44,10,1974,f,Autumn,Autumn,716
3,1,1,1975,f,Winter,Winter,717
6,9,3,1975,t,Spring,Spring,718
2,14,4,1975,f,Spring,Spring,719
7,22,6,1975,t,Winter,Winter,720
3,26,6,1975,f,Winter,Winter,721
2,30,7,1975,f,Summer,Summer,722
5,30,7,1975,f,Summer,Summer,723
1,31,7,1975,f,Summer,Summer,724
1,46,11,1975,f,Autumn,Autumn,725
5,1,1,1976,f,Winter,Winter,726
7,5,2,1976,t,Winter,Winter,727
2,19,5,1976,f,Spring,Spring,728
1,6,2,1976,f,Winter,Winter,729
6,53,1,1977,t,Winter,Winter,730
5,4,1,1977,f,Winter,Winter,731
1,10,3,1976,f,Spring,Spring,732
2,52,12,1977,f,Winter,Winter,733
3,14,3,1976,f,Spring,Spring,734
4,14,4,1976,f,Spring,Spring,735
3,5,2,1978,f,Winter,Winter,736
6,6,2,1978,t,Winter,Winter,737
1,29,7,1976,f,Summer,Summer,738
2,33,8,1976,f,Summer,Summer,739
7,52,12,1976,t,Winter,Winter,740
5,35,8,1976,f,Summer,Summer,741
7,10,3,1977,t,Spring,Spring,742
3,15,4,1978,f,Spring,Spring,743
4,21,5,1978,f,Spring,Spring,744
5,31,8,1978,f,Summer,Summer,745
7,52,1,1978,t,Winter,Winter,746
6,13,4,1978,t,Spring,Spring,747
6,2,1,1978,t,Winter,Winter,748
2,4,1,1978,f,Winter,Winter,749
4,4,1,1978,f,Winter,Winter,750
1,28,7,1978,f,Summer,Summer,751
2,36,9,1978,f,Autumn,Autumn,752
1,1,1,1979,f,Winter,Winter,753
4,6,2,1979,f,Winter,Winter,754
3,7,2,1979,f,Winter,Winter,755
6,8,2,1979,t,Winter,Winter,756
4,13,3,1979,f,Spring,Spring,757
3,8,2,1979,f,Winter,Winter,758
1,10,3,1979,f,Spring,Spring,759
4,18,5,1979,f,Spring,Spring,760
7,13,4,1979,t,Spring,Spring,761
2,1,1,1980,f,Winter,Winter,762
6,19,5,1979,t,Spring,Spring,763
2,23,6,1979,f,Winter,Winter,764
2,32,8,1979,f,Summer,Summer,765
4,36,9,1979,f,Autumn,Autumn,766
4,37,9,1979,f,Autumn,Autumn,767
6,45,11,1979,t,Autumn,Autumn,768
2,21,5,1980,f,Spring,Spring,769
3,22,5,1980,f,Spring,Spring,770
2,51,12,1979,f,Winter,Winter,771
7,22,6,1980,t,Winter,Winter,772
7,27,7,1980,t,Summer,Summer,773
1,29,7,1980,f,Summer,Summer,774
4,49,12,1980,f,Winter,Winter,775
5,12,3,1980,f,Spring,Spring,776
5,52,12,1980,f,Winter,Winter,777
4,1,1,1981,f,Winter,Winter,778
3,8,2,1981,f,Winter,Winter,779
1,9,2,1981,f,Winter,Winter,780
3,18,4,1981,f,Spring,Spring,781
5,27,7,1981,f,Summer,Summer,782
2,31,7,1981,f,Summer,Summer,783
6,31,8,1981,t,Summer,Summer,784
3,44,10,1981,f,Autumn,Autumn,785
5,53,1,1982,f,Winter,Winter,786
5,44,10,1981,f,Autumn,Autumn,787
2,22,6,1982,f,Winter,Winter,788
2,3,1,1982,f,Winter,Winter,789
1,5,2,1982,f,Winter,Winter,790
2,1,1,1982,f,Winter,Winter,791
7,6,2,1982,t,Winter,Winter,792
1,8,2,1982,f,Winter,Winter,793
7,8,2,1982,t,Winter,Winter,794
6,15,4,1982,t,Spring,Spring,795
1,22,5,1982,f,Spring,Spring,796
1,24,6,1982,f,Winter,Winter,797
4,41,10,1982,f,Autumn,Autumn,798
6,52,1,1983,t,Winter,Winter,799
2,28,7,1982,f,Summer,Summer,800
1,2,1,1983,f,Winter,Winter,801
7,9,3,1983,t,Spring,Spring,802
6,11,3,1983,t,Spring,Spring,803
2,18,5,1983,f,Spring,Spring,804
5,26,7,1983,f,Summer,Summer,805
4,28,7,1983,f,Summer,Summer,806
2,2,1,1983,f,Winter,Winter,807
4,22,6,1983,f,Winter,Winter,808
5,25,6,1983,f,Winter,Winter,809
1,9,2,1983,f,Winter,Winter,810
2,19,5,1983,f,Spring,Spring,811
5,27,7,1983,f,Summer,Summer,812
3,31,8,1983,f,Summer,Summer,813
2,43,10,1983,f,Autumn,Autumn,814
3,49,12,1983,f,Winter,Winter,815
4,51,12,1983,f,Winter,Winter,816
5,22,6,1984,f,Winter,Winter,817
7,52,1,1984,t,Winter,Winter,818
7,5,2,1984,t,Winter,Winter,819
3,1,1,1984,f,Winter,Winter,820
1,7,2,1984,f,Winter,Winter,821
3,17,4,1984,f,Spring,Spring,822
5,17,4,1984,f,Spring,Spring,823
5,24,6,1984,f,Winter,Winter,824
5,15,4,1984,f,Spring,Spring,825
1,18,4,1984,f,Spring,Spring,826
2,19,5,1984,f,Spring,Spring,827
5,18,5,1985,f,Spring,Spring,828
7,28,7,1984,t,Summer,Summer,829
7,35,9,1984,t,Autumn,Autumn,830
1,36,9,1984,f,Autumn,Autumn,831
6,40,10,1984,t,Autumn,Autumn,832
2,1,1,1985,f,Winter,Winter,833
4,41,10,1984,f,Autumn,Autumn,834
6,8,2,1985,t,Winter,Winter,835
4,22,5,1985,f,Spring,Spring,836
3,18,5,1985,f,Spring,Spring,837
7,25,6,1985,t,Winter,Winter,838
2,4,1,1986,f,Winter,Winter,839
6,6,2,1986,t,Winter,Winter,840
7,13,3,1985,t,Spring,Spring,841
5,22,5,1985,f,Spring,Spring,842
1,14,3,1986,f,Spring,Spring,843
3,52,12,1986,f,Winter,Winter,844
1,27,7,1985,f,Summer,Summer,845
1,49,12,1985,f,Winter,Winter,846
4,50,12,1985,f,Winter,Winter,847
5,31,8,1986,f,Summer,Summer,848
3,1,1,1986,f,Winter,Winter,849
4,46,11,1992,f,Autumn,Autumn,850
7,13,3,1986,t,Spring,Spring,851
3,20,5,1987,f,Spring,Spring,852
2,47,11,1987,f,Autumn,Autumn,853
1,13,3,1987,f,Spring,Spring,854
1,31,7,2009,f,Summer,Summer,855
2,16,4,2011,f,Spring,Spring,856
2,7,2,2011,f,Winter,Winter,857
7,19,5,2011,t,Spring,Spring,858
3,24,6,2011,f,Winter,Winter,859
7,15,4,2011,t,Spring,Spring,860
7,23,6,2011,t,Winter,Winter,861
4,22,6,2011,f,Winter,Winter,862
2,19,5,2011,f,Spring,Spring,863
5,24,6,2011,f,Winter,Winter,864
7,21,5,2011,t,Spring,Spring,865
7,44,11,2010,t,Autumn,Autumn,866
6,35,9,2010,t,Autumn,Autumn,867
7,5,2,2003,t,Winter,Winter,868
6,50,12,2008,t,Winter,Winter,869
2,25,6,2011,f,Winter,Winter,870
3,27,7,2011,f,Summer,Summer,871
2,28,7,2011,f,Summer,Summer,872
6,33,8,2011,t,Summer,Summer,873
7,33,8,2011,t,Summer,Summer,874
5,38,9,2010,f,Autumn,Autumn,875
5,47,11,2009,f,Autumn,Autumn,876
7,34,8,2011,t,Summer,Summer,877
5,12,3,2012,f,Spring,Spring,878
6,12,3,2012,t,Spring,Spring,879
5,33,8,2005,f,Summer,Summer,880
3,28,7,2012,f,Summer,Summer,881
1,11,3,1989,f,Spring,Spring,882
5,10,3,2011,f,Spring,Spring,883
6,25,6,2012,t,Winter,Winter,884
2,40,10,2012,f,Autumn,Autumn,885
7,36,9,2012,t,Autumn,Autumn,886
7,20,5,2012,t,Spring,Spring,887
1,22,5,2012,f,Spring,Spring,888
2,31,7,2012,f,Summer,Summer,889
1,28,7,2013,f,Summer,Summer,890
6,27,7,2013,t,Summer,Summer,891
3,23,6,2012,f,Winter,Winter,892
1,22,5,2013,f,Spring,Spring,893
3,25,6,2013,f,Winter,Winter,894
4,21,5,2012,f,Spring,Spring,895
1,28,7,2010,f,Summer,Summer,896
6,42,10,2013,t,Autumn,Autumn,897
7,25,6,2012,t,Winter,Winter,898
1,30,7,2012,f,Summer,Summer,899
1,37,9,2012,f,Autumn,Autumn,900
2,27,7,2014,f,Summer,Summer,901
7,22,6,2014,t,Winter,Winter,902
7,8,2,2012,t,Winter,Winter,903
1,32,8,2014,f,Summer,Summer,904
3,43,10,2014,f,Autumn,Autumn,905
4,4,1,2014,f,Winter,Winter,906
2,16,4,2014,f,Spring,Spring,907
1,43,10,2014,f,Autumn,Autumn,908
6,51,12,2013,t,Winter,Winter,909
,,,,,,,910
1,18,4,2013,f,Spring,Spring,911
6,27,7,2014,t,Summer,Summer,912
5,51,12,2013,f,Winter,Winter,913
1,16,4,2014,f,Spring,Spring,914
3,26,6,2014,f,Winter,Winter,915
7,24,6,2014,t,Winter,Winter,916
3,27,7,2015,f,Summer,Summer,917
7,31,8,2015,t,Summer,Summer,918
5,16,4,2015,f,Spring,Spring,919
6,10,3,2015,t,Spring,Spring,920
1,26,6,2015,f,Winter,Winter,921
6,13,3,2015,t,Spring,Spring,922
6,17,4,2015,t,Spring,Spring,923
7,7,2,2015,t,Winter,Winter,924
4,22,5,2015,f,Spring,Spring,925
6,16,4,2015,t,Spring,Spring,926
1,8,2,2015,f,Winter,Winter,927
6,19,5,2015,t,Spring,Spring,928
6,35,8,2015,t,Summer,Summer,929
3,15,4,2015,f,Spring,Spring,930
5,24,6,2015,f,Winter,Winter,931
3,30,7,2015,f,Summer,Summer,932
2,32,8,2015,f,Summer,Summer,933
1,27,6,2015,f,Winter,Winter,934
7,28,7,2015,t,Summer,Summer,935
4,39,9,2016,f,Autumn,Autumn,936
7,47,11,2016,t,Autumn,Autumn,937
7,51,12,2016,t,Winter,Winter,938
3,43,10,2016,f,Autumn,Autumn,939
4,29,7,2016,f,Summer,Summer,940
1,46,11,2016,f,Autumn,Autumn,941
3,8,2,2016,f,Winter,Winter,942
3,12,3,2016,f,Spring,Spring,943
5,27,7,2016,f,Summer,Summer,944
2,13,3,2016,f,Spring,Spring,945
1,13,3,2016,f,Spring,Spring,946
1,26,6,2016,f,Winter,Winter,947
3,17,4,2016,f,Spring,Spring,948
7,40,10,2016,t,Autumn,Autumn,949
2,14,4,2016,f,Spring,Spring,950
4,25,6,2016,f,Winter,Winter,951
3,29,7,2016,f,Summer,Summer,952
4,31,8,2016,f,Summer,Summer,953
7,33,8,2016,t,Summer,Summer,954
7,26,7,2016,t,Summer,Summer,955
3,41,10,2016,f,Autumn,Autumn,956
4,40,10,2016,f,Autumn,Autumn,957
3,10,3,2016,f,Spring,Spring,958
4,41,10,2016,f,Autumn,Autumn,959
3,24,6,2016,f,Winter,Winter,960
5,25,6,2016,f,Winter,Winter,961
1,29,7,2016,f,Summer,Summer,962
2,26,6,2016,f,Winter,Winter,963
5,28,7,2016,f,Summer,Summer,964
1,16,4,2016,f,Spring,Spring,965
6,30,7,2016,t,Summer,Summer,966
6,17,4,2016,t,Spring,Spring,967
5,7,2,1905,f,Winter,Winter,968
1,32,8,1908,f,Summer,Summer,969
3,28,7,1912,f,Summer,Summer,970
4,46,11,1913,f,Autumn,Autumn,971
5,27,7,1915,f,Summer,Summer,972
1,47,11,1917,f,Autumn,Autumn,973
4,1,1,1925,f,Winter,Winter,974
2,1,12,1918,f,Winter,Winter,975
3,1,12,1919,f,Winter,Winter,976
5,53,12,1920,f,Winter,Winter,977
7,12,3,1920,t,Spring,Spring,978
1,27,6,1986,f,Winter,Winter,979
5,14,4,1986,f,Spring,Spring,980
4,30,7,1986,f,Summer,Summer,981
6,23,6,1988,t,Winter,Winter,982
1,28,7,1988,f,Summer,Summer,983
5,27,7,1988,f,Summer,Summer,984
2,19,5,1989,f,Spring,Spring,985
3,38,9,1989,f,Autumn,Autumn,986
7,45,11,1989,t,Autumn,Autumn,987
7,21,5,2010,t,Spring,Spring,988
3,3,1,1990,f,Winter,Winter,989
3,9,2,1990,f,Winter,Winter,990
6,20,5,1990,t,Spring,Spring,991
3,27,7,1990,f,Summer,Summer,992
3,39,9,1990,f,Autumn,Autumn,993
2,46,11,1990,f,Autumn,Autumn,994
1,15,4,1991,f,Spring,Spring,995
4,19,5,1991,f,Spring,Spring,996
3,28,7,1991,f,Summer,Summer,997
7,35,9,1991,t,Autumn,Autumn,998
7,44,11,1991,t,Autumn,Autumn,999
1,42,10,1991,f,Autumn,Autumn,1000
2,6,2,1992,f,Winter,Winter,1001
3,10,3,1992,f,Spring,Spring,1002
4,31,7,1992,f,Summer,Summer,1003
5,30,7,1993,f,Summer,Summer,1004
6,32,8,1993,t,Summer,Summer,1005
2,9,3,1994,f,Spring,Spring,1006
7,5,2,1994,t,Winter,Winter,1007
1,3,1,1994,f,Winter,Winter,1008
2,17,4,1994,f,Spring,Spring,1009
1,50,12,1994,f,Winter,Winter,1010
5,23,6,1995,f,Winter,Winter,1011
4,24,6,1995,f,Winter,Winter,1012
6,28,7,1995,t,Summer,Summer,1013
5,40,10,1995,f,Autumn,Autumn,1014
1,50,12,1995,f,Winter,Winter,1015
3,48,11,1995,f,Autumn,Autumn,1016
1,8,2,1996,f,Winter,Winter,1017
7,20,5,1996,t,Spring,Spring,1018
6,27,7,1996,t,Summer,Summer,1019
3,19,5,1996,f,Spring,Spring,1020
5,25,6,1996,f,Winter,Winter,1021
4,29,7,1996,f,Summer,Summer,1022
4,30,7,1996,f,Summer,Summer,1023
1,13,3,1997,f,Spring,Spring,1024
4,14,4,1997,f,Spring,Spring,1025
3,17,4,1997,f,Spring,Spring,1026
3,20,5,1997,f,Spring,Spring,1027
5,25,6,1997,f,Winter,Winter,1028
6,2,1,1998,t,Winter,Winter,1029
2,11,3,1998,f,Spring,Spring,1030
1,32,8,2008,f,Summer,Summer,1031
3,16,4,1998,f,Spring,Spring,1032
4,21,5,1998,f,Spring,Spring,1033
5,31,7,1998,f,Summer,Summer,1034
7,27,7,1998,t,Summer,Summer,1035
1,34,8,1998,f,Summer,Summer,1036
2,53,12,1998,f,Winter,Winter,1037
3,48,11,1998,f,Autumn,Autumn,1038
5,2,1,1999,f,Winter,Winter,1039
5,30,7,1999,f,Summer,Summer,1040
3,26,6,1999,f,Winter,Winter,1041
1,22,5,1999,f,Spring,Spring,1042
2,25,6,1999,f,Winter,Winter,1043
5,25,6,1999,f,Winter,Winter,1044
6,24,6,1999,t,Winter,Winter,1045
4,26,7,1999,f,Summer,Summer,1046
1,27,7,1999,f,Summer,Summer,1047
6,3,1,2000,t,Winter,Winter,1048
5,15,4,2000,f,Spring,Spring,1049
5,16,4,2000,f,Spring,Spring,1050
6,45,11,2000,t,Autumn,Autumn,1051
5,23,6,2002,f,Winter,Winter,1052
3,21,5,2002,f,Spring,Spring,1053
7,26,6,2002,t,Winter,Winter,1054
5,44,10,2003,f,Autumn,Autumn,1055
7,35,8,2003,t,Summer,Summer,1056
4,43,10,2003,f,Autumn,Autumn,1057
5,8,2,2004,f,Winter,Winter,1058
5,13,3,2004,f,Spring,Spring,1059
7,28,7,2004,t,Summer,Summer,1060
6,33,8,2004,t,Summer,Summer,1061
1,5,1,2005,f,Winter,Winter,1062
4,13,3,2005,f,Spring,Spring,1063
7,19,5,2005,t,Spring,Spring,1064
6,19,5,2005,t,Spring,Spring,1065
5,21,5,2005,f,Spring,Spring,1066
7,24,6,2006,t,Winter,Winter,1067
3,27,7,2006,f,Summer,Summer,1068
5,27,7,2006,f,Summer,Summer,1069
6,48,12,2006,t,Winter,Winter,1070
5,15,4,2007,f,Spring,Spring,1071
7,24,6,2007,t,Winter,Winter,1072
4,30,7,2007,f,Summer,Summer,1073
2,32,8,2007,f,Summer,Summer,1074
4,32,8,2007,f,Summer,Summer,1075
5,18,5,2008,f,Spring,Spring,1076
1,21,5,2008,f,Spring,Spring,1077
7,27,7,2008,t,Summer,Summer,1078
1,19,5,1979,f,Spring,Spring,1079
1,24,6,2008,f,Winter,Winter,1080
3,19,5,2008,f,Spring,Spring,1081
7,35,8,2008,t,Summer,Summer,1082
6,20,5,2008,t,Spring,Spring,1083
4,2,1,2009,f,Winter,Winter,1084
1,5,2,2010,f,Winter,Winter,1085
1,36,8,2009,f,Summer,Summer,1086
1,32,8,2009,f,Summer,Summer,1087
6,27,7,2009,t,Summer,Summer,1088
1,19,5,2009,f,Spring,Spring,1089
2,27,7,2010,f,Summer,Summer,1090
3,44,10,2009,f,Autumn,Autumn,1091
7,33,8,2010,t,Summer,Summer,1092
3,45,11,2010,f,Autumn,Autumn,1093
7,21,5,2008,t,Spring,Spring,1094
7,53,1,2010,t,Winter,Winter,1095
5,26,7,2010,f,Summer,Summer,1096
2,50,12,2010,f,Winter,Winter,1097
2,40,10,2002,f,Autumn,Autumn,1098
3,36,9,2010,f,Autumn,Autumn,1099
2,45,11,1978,f,Autumn,Autumn,1100
7,14,4,1987,t,Spring,Spring,1101
4,29,7,1989,f,Summer,Summer,1102
3,42,10,1989,f,Autumn,Autumn,1103
7,25,6,1922,t,Winter,Winter,1104
6,45,11,1996,t,Autumn,Autumn,1105
3,50,12,2010,f,Winter,Winter,1106
3,19,5,1999,f,Spring,Spring,1107
3,23,6,2005,f,Winter,Winter,1108
1,30,7,2005,f,Summer,Summer,1109
4,40,10,1922,f,Autumn,Autumn,1110
4,21,5,2009,f,Spring,Spring,1111
3,27,7,2009,f,Summer,Summer,1112
3,19,5,1923,f,Spring,Spring,1113
4,35,9,1927,f,Autumn,Autumn,1114
4,34,8,1927,f,Summer,Summer,1115
7,3,1,1929,t,Winter,Winter,1116
2,15,4,1929,f,Spring,Spring,1117
2,40,9,1931,f,Autumn,Autumn,1118
6,52,1,1938,t,Winter,Winter,1119
4,5,2,1934,f,Winter,Winter,1120
2,17,4,1934,f,Spring,Spring,1121
1,27,7,1935,f,Summer,Summer,1122
2,3,1,1935,f,Winter,Winter,1123
4,11,3,1936,f,Spring,Spring,1124
4,17,4,1936,f,Spring,Spring,1125
7,29,7,1936,t,Summer,Summer,1126
5,29,7,1936,f,Summer,Summer,1127
3,13,3,1936,f,Spring,Spring,1128
4,2,1,1937,f,Winter,Winter,1129
3,17,4,1937,f,Spring,Spring,1130
6,41,10,1938,t,Autumn,Autumn,1131
7,24,6,1941,t,Winter,Winter,1132
2,50,12,1944,f,Winter,Winter,1133
6,6,2,1947,t,Winter,Winter,1134
6,15,4,1947,t,Spring,Spring,1135
7,44,10,1948,t,Autumn,Autumn,1136
3,13,3,1950,f,Spring,Spring,1137
6,14,4,1950,t,Spring,Spring,1138
4,24,6,1950,f,Winter,Winter,1139
4,18,5,1952,f,Spring,Spring,1140
4,53,12,1953,f,Winter,Winter,1141
6,36,9,1953,t,Autumn,Autumn,1142
4,7,2,1954,f,Winter,Winter,1143
1,37,9,1954,f,Autumn,Autumn,1144
3,35,8,1955,f,Summer,Summer,1145
5,41,10,1954,f,Autumn,Autumn,1146
3,3,1,1956,f,Winter,Winter,1147
5,35,8,1956,f,Summer,Summer,1148
3,1,12,1958,f,Winter,Winter,1149
7,9,3,1958,t,Spring,Spring,1150
6,19,5,1960,t,Spring,Spring,1151
4,10,3,1963,f,Spring,Spring,1152
3,22,5,1961,f,Spring,Spring,1153
6,41,10,1961,t,Autumn,Autumn,1154
1,41,10,1962,f,Autumn,Autumn,1155
3,14,4,1962,f,Spring,Spring,1156
7,30,7,1963,t,Summer,Summer,1157
3,49,12,1964,f,Winter,Winter,1158
4,16,4,1967,f,Spring,Spring,1159
4,41,10,1967,f,Autumn,Autumn,1160
3,21,5,1969,f,Spring,Spring,1161
5,6,2,1970,f,Winter,Winter,1162
2,19,5,1970,f,Spring,Spring,1163
7,26,6,1970,t,Winter,Winter,1164
1,7,2,1971,f,Winter,Winter,1165
5,17,4,1971,f,Spring,Spring,1166
1,33,8,1971,f,Summer,Summer,1167
3,39,9,1986,f,Autumn,Autumn,1168
4,22,6,1972,f,Winter,Winter,1169
1,18,4,1973,f,Spring,Spring,1170
2,24,6,1972,f,Winter,Winter,1171
6,18,5,1973,t,Spring,Spring,1172
3,31,7,1974,f,Summer,Summer,1173
7,26,6,1974,t,Winter,Winter,1174
5,22,5,1974,f,Spring,Spring,1175
2,21,5,1974,f,Spring,Spring,1176
6,22,5,1975,t,Spring,Spring,1177
2,6,2,1976,f,Winter,Winter,1178
1,5,1,1977,f,Winter,Winter,1179
4,16,4,1976,f,Spring,Spring,1180
4,29,7,1976,f,Summer,Summer,1181
1,15,4,1976,f,Spring,Spring,1182
3,33,8,1976,f,Summer,Summer,1183
4,35,8,1978,f,Summer,Summer,1184
1,3,1,1978,f,Winter,Winter,1185
2,28,7,1978,f,Summer,Summer,1186
2,8,2,1979,f,Winter,Winter,1187
4,22,5,1979,f,Spring,Spring,1188
5,36,9,1979,f,Autumn,Autumn,1189
5,46,11,1979,f,Autumn,Autumn,1190
1,28,7,1980,f,Summer,Summer,1191
6,12,3,1980,t,Spring,Spring,1192
6,52,12,1980,t,Winter,Winter,1193
5,8,2,1981,f,Winter,Winter,1194
6,44,10,1981,t,Autumn,Autumn,1195
7,22,6,1982,t,Winter,Winter,1196
2,31,8,1982,f,Summer,Summer,1197
7,11,3,1983,t,Spring,Spring,1198
3,35,8,1983,f,Summer,Summer,1199
3,3,1,1983,f,Winter,Winter,1200
4,10,3,1983,f,Spring,Spring,1201
6,27,7,1983,t,Summer,Summer,1202
7,51,12,1983,t,Winter,Winter,1203
5,35,8,1984,f,Summer,Summer,1204
3,6,2,1984,f,Winter,Winter,1205
4,1,1,1984,f,Winter,Winter,1206
5,7,2,1984,f,Winter,Winter,1207
7,18,5,1984,t,Spring,Spring,1208
6,17,4,1984,t,Spring,Spring,1209
2,31,7,1984,f,Summer,Summer,1210
7,15,4,1984,t,Spring,Spring,1211
1,41,10,1984,f,Autumn,Autumn,1212
5,41,10,1984,f,Autumn,Autumn,1213
6,9,3,1985,t,Spring,Spring,1214
6,35,8,1985,t,Summer,Summer,1215
6,14,4,1985,t,Spring,Spring,1216
5,46,11,1992,f,Autumn,Autumn,1217
5,8,2,2011,f,Winter,Winter,1218
7,20,5,2011,t,Spring,Spring,1219
4,24,6,2011,f,Winter,Winter,1220
3,25,6,2011,f,Winter,Winter,1221
2,24,6,2011,f,Winter,Winter,1222
6,27,7,2011,t,Summer,Summer,1223
4,23,6,2011,f,Winter,Winter,1224
6,21,5,2011,t,Spring,Spring,1225
2,26,6,2011,f,Winter,Winter,1226
2,22,5,2011,f,Spring,Spring,1227
1,26,6,2011,f,Winter,Winter,1228
1,30,7,2011,f,Summer,Summer,1229
4,28,7,2011,f,Summer,Summer,1230
1,34,8,2011,f,Summer,Summer,1231
6,38,9,2010,t,Autumn,Autumn,1232
2,35,8,2011,f,Summer,Summer,1233
7,12,3,2012,t,Spring,Spring,1234
7,13,4,2012,t,Spring,Spring,1235
5,29,7,2012,f,Summer,Summer,1236
1,26,6,2012,f,Winter,Winter,1237
3,40,10,2012,f,Autumn,Autumn,1238
3,37,9,2012,f,Autumn,Autumn,1239
2,22,5,2012,f,Spring,Spring,1240
3,41,10,2012,f,Autumn,Autumn,1241
6,26,6,2012,t,Winter,Winter,1242
5,22,5,2013,f,Spring,Spring,1243
5,26,6,2013,f,Winter,Winter,1244
4,23,6,2012,f,Winter,Winter,1245
2,43,10,2013,f,Autumn,Autumn,1246
3,31,8,2012,f,Summer,Summer,1247
2,37,9,2012,f,Autumn,Autumn,1248
1,32,8,2012,f,Summer,Summer,1249
2,40,9,2014,f,Autumn,Autumn,1250
4,38,9,2014,f,Autumn,Autumn,1251
5,25,6,2013,f,Winter,Winter,1252
1,9,2,2012,f,Winter,Winter,1253
2,33,8,2014,f,Summer,Summer,1254
6,5,2,2014,t,Winter,Winter,1255
5,18,5,2014,f,Spring,Spring,1256
2,43,10,2014,f,Autumn,Autumn,1257
4,52,12,2013,f,Winter,Winter,1258
7,27,7,2014,t,Summer,Summer,1259
5,1,1,2014,f,Winter,Winter,1260
4,18,5,2014,f,Spring,Spring,1261
1,29,7,2014,f,Summer,Summer,1262
6,29,7,2015,t,Summer,Summer,1263
1,32,8,2015,f,Summer,Summer,1264
1,20,5,2015,f,Spring,Spring,1265
1,11,3,2015,f,Spring,Spring,1266
2,26,6,2015,f,Winter,Winter,1267
2,20,5,2015,f,Spring,Spring,1268
2,8,2,2015,f,Winter,Winter,1269
5,22,5,2015,f,Spring,Spring,1270
1,17,4,2015,f,Spring,Spring,1271
3,8,2,2015,f,Winter,Winter,1272
5,37,9,2015,f,Autumn,Autumn,1273
3,32,8,2015,f,Summer,Summer,1274
2,48,11,2016,f,Autumn,Autumn,1275
3,51,12,2016,f,Winter,Winter,1276
5,46,11,2016,f,Autumn,Autumn,1277
5,8,2,2016,f,Winter,Winter,1278
6,12,3,2016,t,Spring,Spring,1279
4,34,8,2016,f,Summer,Summer,1280
3,27,7,2016,f,Summer,Summer,1281
7,41,10,2016,t,Autumn,Autumn,1282
6,40,10,2016,t,Autumn,Autumn,1283
4,10,3,2016,f,Spring,Spring,1284
5,24,6,2016,f,Winter,Winter,1285
6,25,6,2016,t,Winter,Winter,1286
1,28,7,2016,f,Summer,Summer,1287
4,26,6,2016,f,Winter,Winter,1288
6,28,7,2016,t,Summer,Summer,1289
4,16,4,2016,f,Spring,Spring,1290
7,30,7,2016,t,Summer,Summer,1291
3,22,6,2016,f,Winter,Winter,1292
